post_author_did,post_created_timestamp
did:plc:247igq2dcmlallbqbfo3dxld,2025-04-10 16:42:30.470469+00:00
did:plc:2dgucujtpiv63h6ijbr6yib7,2025-04-10 16:42:40.497590+00:00
did:plc:2eq3273yo4eq7xi7wxz2wqav,2025-04-10 16:42:17.634882+00:00
did:plc:2vtbmhmrwzbqcfv4we4uxzzt,2025-04-10 16:23:32.677465+00:00
did:plc:2zq77iwtnfr34obi6ktx65a4,2025-04-10 16:37:12.992818+00:00
did:plc:3kapv2cmc5r6ehswf6nwo5wt,2025-04-10 16:44:21.579389+00:00
did:plc:3p6sam2umymhr2a3ozd2unce,2025-04-10 16:17:10.254659+00:00
did:plc:4nxwcmz4sani43egu7j5zwb5,2025-04-10 16:16:38.861439+00:00
did:plc:4vrssqepg6uj4tj5us7tnfgt,2025-04-10 16:29:48.520295+00:00
did:plc:4z7vjxv47t6gk4yknfxiaiwb,2025-04-10 16:32:50.200199+00:00
did:plc:572hutetu6rfcrof4jyzm6xi,2025-04-10 16:08:00.178833+00:00
did:plc:57vlzz2egy6eqr4nksacmbht,2025-04-10 16:00:17.826575+00:00
did:plc:5fmfcoedypvnabcwk2fdbzqk,2025-04-10 16:19:32.375988+00:00
did:plc:6hit5rjdbmlnscmuk4bbtmuc,2025-04-10 16:16:22.993872+00:00
did:plc:6wpkkitfdkgthatfvspcfmjo,2025-04-10 16:42:42.792197+00:00
did:plc:6yssvglnid5s3n3p5f4u4tfq,2025-04-10 16:44:24.592863+00:00
did:plc:7nfdkfzbfuku225whrx77k7l,2025-04-10 16:00:07.700898+00:00
did:plc:7owjgfhkmqokkywvkb46aheo,2025-04-10 16:40:48.129549+00:00
did:plc:7qqkq2zdwq4j5jingukgtuky,2025-04-10 16:24:37.623944+00:00
did:plc:7sdtcpcoriny3jf5diwdhwao,2025-04-10 16:24:09.372766+00:00
did:plc:7tqdgkq5p4owzcwam2udt3bn,2025-04-10 16:39:53.738869+00:00
did:plc:7zirbg4645hu4lu7zscbcgxw,2025-04-10 16:34:23.132057+00:00
did:plc:alvekdfmgvcjb2ng4plxmta6,2025-04-10 16:00:56.088050+00:00
did:plc:bak7f4b3jsiqlpyo6o4ejaji,2025-04-10 16:45:13.664444+00:00
did:plc:c2j4ta6z47nl3nxpb3urcrcm,2025-04-10 16:40:43.241211+00:00
did:plc:c6k2ozisr2bbitsafwwyistf,2025-04-10 16:07:51.340732+00:00
did:plc:d74tx7hexwqkmazxz4i2dbo2,2025-04-10 16:41:08.922129+00:00
did:plc:dw4wd3dakiwms26vd3blxs5n,2025-04-10 16:08:00.576024+00:00
did:plc:dwaduijo6ngdgzmir5vovzrh,2025-04-10 16:00:43.685266+00:00
did:plc:dz5f3vjel76gadbwitlu7igz,2025-04-10 16:37:02.183809+00:00
did:plc:e62gb2ushvtvjvqcbrxeaw2n,2025-04-10 16:30:29.524499+00:00
did:plc:eernnjdfxx77jg5atshgmfga,2025-04-10 16:44:18.722613+00:00
did:plc:eu7skqg7r5azfja5xkstps72,2025-04-10 16:18:06.493041+00:00
did:plc:euynv325eix7glyek377orak,2025-04-10 16:40:31.312834+00:00
did:plc:f4xji6x5yg3zgorp7xlu6fbe,2025-04-10 16:17:53.924864+00:00
did:plc:fck7wsgqbs6yrpaw6nirucek,2025-04-10 16:20:17.322948+00:00
did:plc:flfa7b6kgjqp3bbh223tmpjk,2025-04-10 16:01:19.311985+00:00
did:plc:frsgwnofwno2huewodkaeez2,2025-04-10 16:40:54.245302+00:00
did:plc:gjvedvkuazuiahgxy27lidph,2025-04-10 16:01:24.054748+00:00
did:plc:hpfcdjldj7wus5ipuaudbooe,2025-04-10 16:38:39.486004+00:00
did:plc:ihcjgtnqeruh6pfpbtrkt3sv,2025-04-10 16:34:55.073827+00:00
did:plc:jbvnehrrdqoulco4rf5gxg5r,2025-04-10 16:08:56.885191+00:00
did:plc:k2boueagtkmwibc2mlgj46m6,2025-04-10 16:20:54.497422+00:00
did:plc:k2vqgq3czdvq65346u2ntazb,2025-04-10 16:00:32.956066+00:00
did:plc:k3kwy4uvwxztqlvayqzk62f4,2025-04-10 16:38:14.974146+00:00
did:plc:k72ebkebx5sanv4ua7yal72l,2025-04-10 16:38:31.400547+00:00
did:plc:kzbuqo7peiscigqome7sfpfg,2025-04-10 16:45:30.593888+00:00
did:plc:lc6tc23zj6l7s3oblzrqvykn,2025-04-10 16:39:06.839611+00:00
did:plc:lzcqrqqh3svvehatcw6x6is2,2025-04-10 16:39:37.946981+00:00
did:plc:mc4t6qtktt2h4tvnslrkzban,2025-04-10 16:32:20.826554+00:00
did:plc:mcxwgi6ytwp72kzqmujcixep,2025-04-10 16:40:58.648022+00:00
did:plc:mt3o2cf5fqpyqbyalwkegzef,2025-04-10 16:44:20.718212+00:00
did:plc:n4jy4myadzvubfq7ck62m3fw,2025-04-10 16:17:35.569241+00:00
did:plc:njwcnt4qsdno2lhebdq34m2o,2025-04-10 16:27:50.334145+00:00
did:plc:nvfposmpmhegtyvhbs75s3pw,2025-04-10 16:32:05.170277+00:00
did:plc:nyjm4ylfid2a7mjm6varxuiq,2025-04-10 16:37:23.965246+00:00
did:plc:ofbkqcjzvm6gtwuufsubnkaf,2025-04-10 16:44:12.950734+00:00
did:plc:on5oeywiqx32fh2zau473wz6,2025-04-10 16:22:12.618666+00:00
did:plc:p7anrictsxlbn5aaglvx5vcd,2025-04-10 16:08:24.941229+00:00
did:plc:pelcx6335zuov2bi6kday2q6,2025-04-10 16:02:58.965618+00:00
did:plc:ps4ryjdjxssaq6iml64a7x64,2025-04-10 16:20:55.657646+00:00
did:plc:q52ljqhfd2caj2dgg3tw6jk2,2025-04-10 16:17:58.543349+00:00
did:plc:qgz7jtmlddfn3dikhimzlqu5,2025-04-10 16:43:05.251767+00:00
did:plc:qvzn322kmcvd7xtnips5xaun,2025-04-10 16:29:21.311901+00:00
did:plc:qxwx3yb4m3dmjbu5luyyi7zm,2025-04-10 16:30:03.099874+00:00
did:plc:r76ez7oncjq72edye5obe4x2,2025-04-10 16:17:53.036965+00:00
did:plc:rmnefjdlagarypuzeblo4qje,2025-04-10 16:02:51.457400+00:00
did:plc:su7q6jngaiyjueenbbabq43s,2025-04-10 16:43:40.820985+00:00
did:plc:szc7xq5qv7wg2abye6tlvet2,2025-04-10 16:18:14.739974+00:00
did:plc:u2sz2p5qahgy7dae7nbvh37l,2025-04-10 16:16:45.929270+00:00
did:plc:usbulziv4ck5omo2bf32hpc4,2025-04-10 16:38:37.731759+00:00
did:plc:utele6k7al6vzb5vlepotzoe,2025-04-10 16:38:35.816889+00:00
did:plc:wdfzyjds7iiymn3lpzzrnam6,2025-04-10 16:37:56.031550+00:00
did:plc:wld6fad6xsm4tz4kfkoikun2,2025-04-10 16:44:03.634622+00:00
did:plc:wq75sxtabr36od4vty2ipg2y,2025-04-10 16:41:10.276662+00:00
did:plc:xlqcxpk53spbhlypj6wmvvke,2025-04-10 16:45:39.856551+00:00
did:plc:xmpcty4bvrwkzigiob5fafex,2025-04-10 16:02:46.628785+00:00
did:plc:xyddpg6usmgh2t2jgf4e37yk,2025-04-10 16:29:52.522854+00:00
did:plc:y4lu4dq4avmtmpntb22mxeji,2025-04-10 16:24:09.854569+00:00
did:plc:y4zs4cabaezzwx3bz2e5nnj2,2025-04-10 16:25:15.234220+00:00
did:plc:ya7gfadgypyypiva5pboi6mi,2025-04-10 16:35:11.089299+00:00
did:plc:ycqyqrun3gujy7wf5ymftpio,2025-04-10 16:42:19.723279+00:00
did:plc:yf6hctt2ug3qyfty4in64yob,2025-04-10 16:45:20.619529+00:00
did:plc:yhwyp5hu4xna5vvz5b6ahtya,2025-04-10 16:40:25.144113+00:00
did:plc:yndpz2gilvi3cmylsmzrfhng,2025-04-10 16:33:09.711775+00:00
did:plc:yqp3lf2pzpkcd5a4wru5jh3f,2025-04-10 16:20:28.351468+00:00
did:plc:z72i7hdynmk6r22z27h6tvur,2025-04-10 16:45:42.708789+00:00
did:plc:zaqrxdh3zpbpuiqyei7pxsp2,2025-04-10 16:00:25.511921+00:00
